<?xml version="1.0" encoding="iso-8859-1"?>
<elements>
    <exception>
        <classname>simulator.engine.strategy.ALEVOSRandomExploration</classname>
        <methodname>execute()</methodname>
        <name>SimulationRunException</name>
        <def>66</def>
        <def>70</def>
        <use>66</use>
        <use>70</use>
    </exception>
    <exception>
        <classname>simulator.engine.strategy.ALEVOSRandomExploration</classname>
        <methodname>execute()</methodname>
        <name>e</name>
        <def>64</def>
        <def>68</def>
        <use>64</use>
        <use>68</use>
    </exception>
    <exception>
        <classname>simulator.engine.strategy.CombinationIterator</classname>
        <methodname>CombinationIterator(List, int)</methodname>
        <name>IllegalArgumentException</name>
        <def>52</def>
        <use>52</use>
    </exception>
    <exception>
        <classname>simulator.engine.strategy.CombinationIterator</classname>
        <methodname>next()</methodname>
        <name>NoSuchElementException</name>
        <def>133</def>
        <use>133</use>
    </exception>
    <exception>
        <classname>simulator.engine.strategy.CombinationIterator</classname>
        <methodname>remove()</methodname>
        <name>UnsupportedOperationException</name>
        <def>139</def>
        <use>139</use>
    </exception>
    <exception>
        <classname>simulator.engine.strategy.RandomCombinationIterator</classname>
        <methodname>RandomCombinationIterator(List, int, int)</methodname>
        <name>IllegalArgumentException</name>
        <def>37</def>
        <use>37</use>
    </exception>
    <exception>
        <classname>simulator.engine.strategy.RandomCombinationIterator</classname>
        <methodname>next()</methodname>
        <name>NoSuchElementException</name>
        <def>83</def>
        <use>83</use>
    </exception>
    <exception>
        <classname>simulator.engine.strategy.RandomCombinationIterator</classname>
        <methodname>remove()</methodname>
        <name>UnsupportedOperationException</name>
        <def>89</def>
        <use>89</use>
    </exception>
    <exception>
        <classname>simulator.engine.strategy.SimulationPurposeVerification</classname>
        <methodname>execute()</methodname>
        <name>InvalidEnvironmentException</name>
        <def>76</def>
        <use>76</use>
    </exception>
    <exception>
        <classname>simulator.engine.strategy.SimulationPurposeVerification</classname>
        <methodname>execute()</methodname>
        <name>SimulationRunException</name>
        <def>89</def>
        <def>93</def>
        <use>89</use>
        <use>93</use>
    </exception>
    <exception>
        <classname>simulator.engine.strategy.SimulationPurposeVerification</classname>
        <methodname>execute()</methodname>
        <name>e</name>
        <innerpairs>
            <pair>
                <def>91</def>
                <use>92</use>
            </pair>
        </innerpairs>
        <def>88</def>
        <def>91</def>
        <use>88</use>
        <use>91</use>
        <use>92</use>
    </exception>
    <exception>
        <classname>simulator.engine.strategy.SimulationStrategy</classname>
        <methodname>startChronometer()</methodname>
        <name>SimulationRunException</name>
        <def>75</def>
        <use>75</use>
    </exception>
    <exception>
        <classname>simulator.engine.strategy.SimulationStrategy</classname>
        <methodname>stopChronometer()</methodname>
        <name>SimulationRunException</name>
        <def>85</def>
        <use>85</use>
    </exception>
</elements>
