<?xml version="1.0" encoding="iso-8859-1"?>
<elements>
    <exception>
        <classname>simulator.engine.SimulationEngine</classname>
        <methodname>SimulationEngine(Scenario, Collection, ComponentsRegistry)</methodname>
        <name>IllegalArgumentException</name>
        <def>52</def>
        <def>73</def>
        <use>52</use>
        <use>73</use>
    </exception>
    <exception>
        <classname>simulator.engine.SimulationState</classname>
        <methodname>clone()</methodname>
        <name>e</name>
        <innerpairs>
            <pair>
                <def>135</def>
                <use>137</use>
            </pair>
        </innerpairs>
        <def>135</def>
        <use>135</use>
        <use>137</use>
    </exception>
    <exception>
        <classname>simulator.engine.SimulationState</classname>
        <methodname>toString()</methodname>
        <name>e</name>
        <def>266</def>
        <use>266</use>
    </exception>
</elements>
