<?xml version="1.0" encoding="iso-8859-1"?>
<elements>
    <exception>
        <classname>simulator.io.ComponentsLoader</classname>
        <methodname>ComponentsLoader(ComponentsRegistry, File, File)</methodname>
        <name>IllegalArgumentException</name>
        <def>49</def>
        <use>49</use>
    </exception>
    <exception>
        <classname>simulator.io.ComponentsLoader</classname>
        <methodname>loadComponents()</methodname>
        <name>IOException</name>
        <def>78</def>
        <use>78</use>
    </exception>
    <exception>
        <classname>simulator.io.ComponentsLoader</classname>
        <methodname>loadLibraries()</methodname>
        <name>IOException</name>
        <def>155</def>
        <use>155</use>
    </exception>
    <exception>
        <classname>simulator.io.SAXExperimentHandler</classname>
        <methodname>endElement(String, String, String)</methodname>
        <name>SAXException</name>
        <def>262</def>
        <def>275</def>
        <def>284</def>
        <use>262</use>
        <use>275</use>
        <use>284</use>
    </exception>
    <exception>
        <classname>simulator.io.SAXExperimentHandler</classname>
        <methodname>endElement(String, String, String)</methodname>
        <name>e</name>
        <def>283</def>
        <use>283</use>
    </exception>
    <exception>
        <classname>simulator.io.XMLExperimentLoader</classname>
        <methodname>load(Document)</methodname>
        <name>ExperimentLoadingException</name>
        <externalpairs>
            <pair>
                <def>163</def>
                <externaluse>
                    <classname> simulator.io.XMLExperimentLoader</classname>
                    <methodname>loadExperiment(File)</methodname>
                    <name>e</name>
                    <linenumber>144</linenumber>
                </externaluse>
            </pair>
        </externalpairs>
        <def>163</def>
        <use>163</use>
    </exception>
    <exception>
        <classname>simulator.io.XMLExperimentLoader</classname>
        <methodname>loadExperiment(File)</methodname>
        <name>ExperimentLoadingException</name>
        <innerpairs>
            <pair>
                <def>137</def>
                <use>144</use>
            </pair>
            <pair>
                <def>142</def>
                <use>144</use>
            </pair>
        </innerpairs>
        <def>137</def>
        <def>142</def>
        <def>148</def>
        <use>137</use>
        <use>142</use>
        <use>148</use>
    </exception>
    <exception>
        <classname>simulator.io.XMLExperimentLoader</classname>
        <methodname>loadExperiment(File)</methodname>
        <name>e</name>
        <innerpairs>
            <pair>
                <def>134</def>
                <use>135</use>
            </pair>
            <pair>
                <def>134</def>
                <use>137</use>
            </pair>
            <pair>
                <def>139</def>
                <use>140</use>
            </pair>
            <pair>
                <def>139</def>
                <use>142</use>
            </pair>
            <pair>
                <def>144</def>
                <use>146</use>
            </pair>
            <pair>
                <def>144</def>
                <use>148</use>
            </pair>
        </innerpairs>
        <def>134</def>
        <def>139</def>
        <def>144</def>
        <use>134</use>
        <use>135</use>
        <use>137</use>
        <use>139</use>
        <use>140</use>
        <use>144</use>
        <use>146</use>
    </exception>
    <exception>
        <classname>simulator.io.XMLExperimentLoader</classname>
        <methodname>loadSimPurpVerifStrategies(Experiment, List)</methodname>
        <name>ExperimentLoadingException</name>
        <def>356</def>
        <def>375</def>
        <def>399</def>
        <def>434</def>
        <def>439</def>
        <def>471</def>
        <def>477</def>
        <def>491</def>
        <use>356</use>
        <use>375</use>
        <use>399</use>
        <use>434</use>
        <use>439</use>
        <use>471</use>
        <use>477</use>
        <use>491</use>
    </exception>
    <exception>
        <classname>simulator.io.XMLExperimentLoader</classname>
        <methodname>loadStimulusDeliveryOptStrategies(Experiment, List)</methodname>
        <name>ExperimentLoadingException</name>
        <def>297</def>
        <def>310</def>
        <def>319</def>
        <use>297</use>
        <use>310</use>
        <use>319</use>
    </exception>
    <exception>
        <classname>simulator.io.XMLExperimentLoader</classname>
        <methodname>loadStimulusDeliveryOptStrategies(Experiment, List)</methodname>
        <name>ex</name>
        <def>318</def>
        <use>318</use>
    </exception>
    <exception>
        <classname>simulator.io.XMLScenarioLoader</classname>
        <methodname>getRootElementFromIncludedFile(File, String)</methodname>
        <name>ScenarioLoadingException</name>
        <def>365</def>
        <def>367</def>
        <use>365</use>
        <use>367</use>
    </exception>
    <exception>
        <classname>simulator.io.XMLScenarioLoader</classname>
        <methodname>getRootElementFromIncludedFile(File, String)</methodname>
        <name>e</name>
        <def>364</def>
        <def>366</def>
        <use>364</use>
        <use>366</use>
    </exception>
    <exception>
        <classname>simulator.io.XMLScenarioLoader</classname>
        <methodname>load(File, Document)</methodname>
        <name>ScenarioLoadingException</name>
        <externalpairs>
            <pair>
                <def>101</def>
                <externaluse>
                    <classname> simulator.io.XMLScenarioLoader</classname>
                    <methodname>loadScenario(File)</methodname>
                    <name>e</name>
                    <linenumber>81</linenumber>
                </externaluse>
            </pair>
        </externalpairs>
        <def>101</def>
        <use>101</use>
    </exception>
    <exception>
        <classname>simulator.io.XMLScenarioLoader</classname>
        <methodname>loadScenario(File)</methodname>
        <name>ScenarioLoadingException</name>
        <def>85</def>
        <use>85</use>
    </exception>
    <exception>
        <classname>simulator.io.XMLScenarioLoader</classname>
        <methodname>loadScenario(File)</methodname>
        <name>e</name>
        <innerpairs>
            <pair>
                <def>81</def>
                <use>83</use>
            </pair>
            <pair>
                <def>81</def>
                <use>85</use>
            </pair>
        </innerpairs>
        <def>81</def>
        <use>81</use>
        <use>83</use>
        <use>85</use>
    </exception>
</elements>
