<?xml version="1.0" encoding="iso-8859-1"?>
<elements>
    <exception>
        <classname>simulator.engine.alevos.EMMASSimulatorConnector</classname>
        <methodname>goToState(Object)</methodname>
        <name>InvalidSimulatorRequest</name>
        <def>136</def>
        <use>136</use>
    </exception>
    <exception>
        <classname>simulator.engine.alevos.EMMASSimulatorConnector</classname>
        <methodname>goToState(Object)</methodname>
        <name>e</name>
        <def>135</def>
        <use>135</use>
    </exception>
    <exception>
        <classname>simulator.engine.alevos.EMMASSimulatorConnector</classname>
        <methodname>reset()</methodname>
        <name>InvalidSimulatorRequest</name>
        <def>70</def>
        <def>72</def>
        <use>70</use>
        <use>72</use>
    </exception>
    <exception>
        <classname>simulator.engine.alevos.EMMASSimulatorConnector</classname>
        <methodname>reset()</methodname>
        <name>e</name>
        <def>69</def>
        <def>71</def>
        <use>69</use>
        <use>71</use>
    </exception>
    <exception>
        <classname>simulator.engine.alevos.EMMASSimulatorConnector</classname>
        <methodname>scheduleStep(EMMASEvent)</methodname>
        <name>InvalidSimulatorRequest</name>
        <def>102</def>
        <use>102</use>
    </exception>
    <exception>
        <classname>simulator.engine.alevos.EMMASSimulatorConnector</classname>
        <methodname>scheduleStep(Event)</methodname>
        <name>IllegalArgumentException</name>
        <def>80</def>
        <use>80</use>
    </exception>
    <exception>
        <classname>simulator.engine.alevos.EMMASSimulatorConnector</classname>
        <methodname>setup()</methodname>
        <name>InvalidSimulatorRequest</name>
        <def>56</def>
        <def>58</def>
        <use>56</use>
        <use>58</use>
    </exception>
    <exception>
        <classname>simulator.engine.alevos.EMMASSimulatorConnector</classname>
        <methodname>setup()</methodname>
        <name>e</name>
        <def>55</def>
        <def>57</def>
        <use>55</use>
        <use>57</use>
    </exception>
    <exception>
        <classname>simulator.engine.alevos.EMMASSimulatorConnector</classname>
        <methodname>step()</methodname>
        <name>InvalidSimulatorRequest</name>
        <def>121</def>
        <use>121</use>
    </exception>
    <exception>
        <classname>simulator.engine.alevos.EMMASSimulatorConnector</classname>
        <methodname>step()</methodname>
        <name>e</name>
        <def>120</def>
        <use>120</use>
    </exception>
    <exception>
        <classname>simulator.engine.alevos.EMMASSimulatorContext</classname>
        <methodname>getLiterals()</methodname>
        <name>e</name>
        <innerpairs>
            <pair>
                <def>70</def>
                <use>72</use>
            </pair>
        </innerpairs>
        <def>70</def>
        <use>70</use>
        <use>72</use>
    </exception>
    <exception>
        <classname>simulator.engine.alevos.EMMASTransitionSystem</classname>
        <methodname>defineStatus(String)</methodname>
        <name>IllegalSemanticsException</name>
        <def>159</def>
        <use>159</use>
    </exception>
    <exception>
        <classname>simulator.engine.alevos.EMMASTransitionSystem</classname>
        <methodname>translate(Collection)</methodname>
        <name>IllegalSemanticsException</name>
        <def>133</def>
        <use>133</use>
    </exception>
    <exception>
        <classname>simulator.engine.alevos.PiEMMASAgentProfile</classname>
        <methodname>substitute(Map)</methodname>
        <name>IllegalSemanticsException</name>
        <def>127</def>
        <use>127</use>
    </exception>
    <exception>
        <classname>simulator.engine.alevos.PiEMMASAgentProfileRule</classname>
        <methodname>succ(Expression)</methodname>
        <name>IllegalArgumentException</name>
        <def>44</def>
        <use>44</use>
    </exception>
</elements>
