<?xml version="1.0" encoding="iso-8859-1"?>
<elements>
    <exception>
        <classname>simulator.engine.alevos.EMMASSimulatorConnector</classname>
        <methodname>goToState(Object)</methodname>
        <name>InvalidSimulatorRequest</name>
        <innerpairs>
            <pair>
                <def>131</def>
                <use>130</use>
            </pair>
        </innerpairs>
        <def>131</def>
        <use>131</use>
    </exception>
    <exception>
        <classname>simulator.engine.alevos.EMMASSimulatorConnector</classname>
        <methodname>goToState(Object)</methodname>
        <name>e</name>
        <def>130</def>
        <use>130</use>
    </exception>
    <exception>
        <classname>simulator.engine.alevos.EMMASSimulatorConnector</classname>
        <methodname>reset()</methodname>
        <name>InvalidSimulatorRequest</name>
        <innerpairs>
            <pair>
                <def>65</def>
                <use>64</use>
            </pair>
            <pair>
                <def>65</def>
                <use>66</use>
            </pair>
            <pair>
                <def>67</def>
                <use>64</use>
            </pair>
            <pair>
                <def>67</def>
                <use>66</use>
            </pair>
        </innerpairs>
        <def>65</def>
        <def>67</def>
        <use>65</use>
        <use>67</use>
    </exception>
    <exception>
        <classname>simulator.engine.alevos.EMMASSimulatorConnector</classname>
        <methodname>reset()</methodname>
        <name>e</name>
        <def>64</def>
        <def>66</def>
        <use>64</use>
        <use>66</use>
    </exception>
    <exception>
        <classname>simulator.engine.alevos.EMMASSimulatorConnector</classname>
        <methodname>scheduleStep(EMMASEvent)</methodname>
        <name>InvalidSimulatorRequest</name>
        <def>97</def>
        <use>97</use>
    </exception>
    <exception>
        <classname>simulator.engine.alevos.EMMASSimulatorConnector</classname>
        <methodname>scheduleStep(Event)</methodname>
        <name>IllegalArgumentException</name>
        <def>75</def>
        <use>75</use>
    </exception>
    <exception>
        <classname>simulator.engine.alevos.EMMASSimulatorConnector</classname>
        <methodname>setup()</methodname>
        <name>InvalidSimulatorRequest</name>
        <innerpairs>
            <pair>
                <def>51</def>
                <use>50</use>
            </pair>
            <pair>
                <def>51</def>
                <use>52</use>
            </pair>
            <pair>
                <def>53</def>
                <use>50</use>
            </pair>
            <pair>
                <def>53</def>
                <use>52</use>
            </pair>
        </innerpairs>
        <def>51</def>
        <def>53</def>
        <use>51</use>
        <use>53</use>
    </exception>
    <exception>
        <classname>simulator.engine.alevos.EMMASSimulatorConnector</classname>
        <methodname>setup()</methodname>
        <name>e</name>
        <def>50</def>
        <def>52</def>
        <use>50</use>
        <use>52</use>
    </exception>
    <exception>
        <classname>simulator.engine.alevos.EMMASSimulatorConnector</classname>
        <methodname>step()</methodname>
        <name>InvalidSimulatorRequest</name>
        <innerpairs>
            <pair>
                <def>116</def>
                <use>115</use>
            </pair>
        </innerpairs>
        <def>116</def>
        <use>116</use>
    </exception>
    <exception>
        <classname>simulator.engine.alevos.EMMASSimulatorConnector</classname>
        <methodname>step()</methodname>
        <name>e</name>
        <def>115</def>
        <use>115</use>
    </exception>
    <exception>
        <classname>simulator.engine.alevos.EMMASSimulatorContext</classname>
        <methodname>getLiterals()</methodname>
        <name>e</name>
        <innerpairs>
            <pair>
                <def>70</def>
                <use>72</use>
            </pair>
        </innerpairs>
        <def>70</def>
        <use>70</use>
        <use>72</use>
    </exception>
    <exception>
        <classname>simulator.engine.alevos.EMMASTransitionSystem</classname>
        <methodname>defineStatus(String)</methodname>
        <name>IllegalSemanticsException</name>
        <def>159</def>
        <use>159</use>
    </exception>
    <exception>
        <classname>simulator.engine.alevos.EMMASTransitionSystem</classname>
        <methodname>translate(Collection)</methodname>
        <name>IllegalSemanticsException</name>
        <def>133</def>
        <use>133</use>
    </exception>
    <exception>
        <classname>simulator.engine.alevos.PiEMMASAgentProfile</classname>
        <methodname>substitute(Map)</methodname>
        <name>IllegalSemanticsException</name>
        <def>127</def>
        <use>127</use>
    </exception>
    <exception>
        <classname>simulator.engine.alevos.PiEMMASAgentProfileRule</classname>
        <methodname>succ(Expression)</methodname>
        <name>IllegalArgumentException</name>
        <def>44</def>
        <use>44</use>
    </exception>
</elements>
