<?xml version="1.0" encoding="iso-8859-1"?>
<elements>
    <object>
        <classname>alevos.ts.AnnotatedTransitionSystem</classname>
        <methodname>AnnotatedTransitionSystem(State)</methodname>
        <name>initial</name>
        <innerpairs>
            <pair>
                <def>34</def>
                <use>34</use>
            </pair>
            <pair>
                <def>34</def>
                <use>105</use>
            </pair>
        </innerpairs>
        <def>34</def>
        <use>34</use>
    </object>
    <object>
        <classname>alevos.ts.AnnotatedTransitionSystem</classname>
        <methodname>eventScheduled(Event, TraceInfo)</methodname>
        <name>ti</name>
        <use>74</use>
    </object>
    <object>
        <classname>alevos.ts.AnnotatedTransitionSystem</classname>
        <methodname>getInitialState()</methodname>
        <name>initial</name>
        <use>63</use>
    </object>
    <object>
        <classname>alevos.ts.AnnotatedTransitionSystem</classname>
        <methodname>setSimulatorConnector(SimulatorConnector)</methodname>
        <name>simulatorConnector</name>
        <innerpairs>
            <pair>
                <def>80</def>
                <use>80</use>
            </pair>
        </innerpairs>
        <def>80</def>
        <use>80</use>
    </object>
    <object>
        <classname>alevos.ts.AnnotatedTransitionSystem</classname>
        <methodname>toString()</methodname>
        <name>initial</name>
        <innerpairs>
            <pair>
                <def>105</def>
                <use>34</use>
            </pair>
            <pair>
                <def>105</def>
                <use>105</use>
            </pair>
        </innerpairs>
        <def>105</def>
        <use>105</use>
    </object>
    <object>
        <classname>alevos.ts.AnnotatedTransitionSystem</classname>
        <methodname>toString()</methodname>
        <name>s</name>
        <use>85</use>
    </object>
    <object>
        <classname>alevos.ts.DynamicTransitionSystem</classname>
        <methodname>restrict(State, Collection, TraceInfo)</methodname>
        <name>originalSuccs</name>
        <use>67</use>
    </object>
    <object>
        <classname>alevos.ts.DynamicTransitionSystem</classname>
        <methodname>succ(State)</methodname>
        <name>s</name>
        <def>33</def>
        <use>33</use>
    </object>
    <object>
        <classname>alevos.ts.DynamicTransitionSystem</classname>
        <methodname>succ(State, TraceInfo)</methodname>
        <name>ess</name>
        <use>39</use>
    </object>
    <object>
        <classname>alevos.ts.DynamicTransitionSystem</classname>
        <methodname>succ(State, TraceInfo)</methodname>
        <name>s</name>
        <def>43</def>
        <def>47</def>
        <def>50</def>
        <def>61</def>
        <use>43</use>
        <use>47</use>
        <use>50</use>
        <use>61</use>
    </object>
    <object>
        <classname>alevos.ts.DynamicTransitionSystem</classname>
        <methodname>succ(State, TraceInfo)</methodname>
        <name>ti</name>
        <def>61</def>
        <use>61</use>
    </object>
    <object>
        <classname>alevos.ts.DynamicTransitionSystem</classname>
        <methodname>succ(State, TraceInfo)</methodname>
        <name>translated</name>
        <use>56</use>
    </object>
    <object>
        <classname>alevos.ts.DynamicTransitionSystem</classname>
        <methodname>translate(Collection)</methodname>
        <name>original</name>
        <use>97</use>
    </object>
    <object>
        <classname>alevos.ts.Event</classname>
        <methodname>Event(String)</methodname>
        <name>name</name>
        <innerpairs>
            <pair>
                <def>22</def>
                <use>22</use>
            </pair>
            <pair>
                <def>22</def>
                <use>38</use>
            </pair>
            <pair>
                <def>22</def>
                <use>48</use>
            </pair>
        </innerpairs>
        <def>22</def>
        <use>22</use>
    </object>
    <object>
        <classname>alevos.ts.Event</classname>
        <methodname>equals(Object)</methodname>
        <name>evt</name>
        <use>37</use>
    </object>
    <object>
        <classname>alevos.ts.Event</classname>
        <methodname>equals(Object)</methodname>
        <name>name</name>
        <innerpairs>
            <pair>
                <def>38</def>
                <use>22</use>
            </pair>
            <pair>
                <def>38</def>
                <use>38</use>
            </pair>
            <pair>
                <def>38</def>
                <use>48</use>
            </pair>
        </innerpairs>
        <def>38</def>
        <use>38</use>
    </object>
    <object>
        <classname>alevos.ts.Event</classname>
        <methodname>getName()</methodname>
        <name>name</name>
        <use>26</use>
    </object>
    <object>
        <classname>alevos.ts.Event</classname>
        <methodname>hashCode()</methodname>
        <name>name</name>
        <innerpairs>
            <pair>
                <def>48</def>
                <use>22</use>
            </pair>
            <pair>
                <def>48</def>
                <use>38</use>
            </pair>
            <pair>
                <def>48</def>
                <use>48</use>
            </pair>
        </innerpairs>
        <def>48</def>
        <use>48</use>
    </object>
    <object>
        <classname>alevos.ts.Event</classname>
        <methodname>toString()</methodname>
        <name>name</name>
        <use>31</use>
    </object>
    <object>
        <classname>alevos.ts.IOEvent</classname>
        <methodname>IOEvent(String, IOType)</methodname>
        <name>ioType</name>
        <innerpairs>
            <pair>
                <def>17</def>
                <use>17</use>
            </pair>
            <pair>
                <def>17</def>
                <use>46</use>
            </pair>
            <pair>
                <def>17</def>
                <use>54</use>
            </pair>
            <pair>
                <def>17</def>
                <use>62</use>
            </pair>
            <pair>
                <def>17</def>
                <use>73</use>
            </pair>
            <pair>
                <def>17</def>
                <use>83</use>
            </pair>
        </innerpairs>
        <def>17</def>
        <use>17</use>
    </object>
    <object>
        <classname>alevos.ts.IOEvent</classname>
        <methodname>equals(Object)</methodname>
        <name>evt</name>
        <use>72</use>
    </object>
    <object>
        <classname>alevos.ts.IOEvent</classname>
        <methodname>equals(Object)</methodname>
        <name>ioType</name>
        <innerpairs>
            <pair>
                <def>73</def>
                <use>17</use>
            </pair>
            <pair>
                <def>73</def>
                <use>46</use>
            </pair>
            <pair>
                <def>73</def>
                <use>54</use>
            </pair>
            <pair>
                <def>73</def>
                <use>62</use>
            </pair>
            <pair>
                <def>73</def>
                <use>73</use>
            </pair>
            <pair>
                <def>73</def>
                <use>83</use>
            </pair>
        </innerpairs>
        <def>73</def>
        <use>73</use>
    </object>
    <object>
        <classname>alevos.ts.IOEvent</classname>
        <methodname>getIoType()</methodname>
        <name>ioType</name>
        <use>21</use>
    </object>
    <object>
        <classname>alevos.ts.IOEvent</classname>
        <methodname>hashCode()</methodname>
        <name>ioType</name>
        <innerpairs>
            <pair>
                <def>83</def>
                <use>17</use>
            </pair>
            <pair>
                <def>83</def>
                <use>46</use>
            </pair>
            <pair>
                <def>83</def>
                <use>54</use>
            </pair>
            <pair>
                <def>83</def>
                <use>62</use>
            </pair>
            <pair>
                <def>83</def>
                <use>73</use>
            </pair>
            <pair>
                <def>83</def>
                <use>83</use>
            </pair>
        </innerpairs>
        <def>83</def>
        <use>83</use>
    </object>
    <object>
        <classname>alevos.ts.IOEvent</classname>
        <methodname>isComplementary(IOEvent)</methodname>
        <name>e</name>
        <def>26</def>
        <def>28</def>
        <def>31</def>
        <def>34</def>
        <use>26</use>
        <use>28</use>
        <use>31</use>
        <use>34</use>
    </object>
    <object>
        <classname>alevos.ts.IOEvent</classname>
        <methodname>isInput()</methodname>
        <name>INPUT</name>
        <innerpairs>
            <pair>
                <def>46</def>
                <use>46</use>
            </pair>
        </innerpairs>
        <def>46</def>
        <use>46</use>
    </object>
    <object>
        <classname>alevos.ts.IOEvent</classname>
        <methodname>isInput()</methodname>
        <name>ioType</name>
        <innerpairs>
            <pair>
                <def>46</def>
                <use>17</use>
            </pair>
            <pair>
                <def>46</def>
                <use>46</use>
            </pair>
            <pair>
                <def>46</def>
                <use>54</use>
            </pair>
            <pair>
                <def>46</def>
                <use>62</use>
            </pair>
            <pair>
                <def>46</def>
                <use>73</use>
            </pair>
            <pair>
                <def>46</def>
                <use>83</use>
            </pair>
        </innerpairs>
        <def>46</def>
        <use>46</use>
    </object>
    <object>
        <classname>alevos.ts.IOEvent</classname>
        <methodname>isOther()</methodname>
        <name>OTHER</name>
        <innerpairs>
            <pair>
                <def>62</def>
                <use>62</use>
            </pair>
        </innerpairs>
        <def>62</def>
        <use>62</use>
    </object>
    <object>
        <classname>alevos.ts.IOEvent</classname>
        <methodname>isOther()</methodname>
        <name>ioType</name>
        <innerpairs>
            <pair>
                <def>62</def>
                <use>17</use>
            </pair>
            <pair>
                <def>62</def>
                <use>46</use>
            </pair>
            <pair>
                <def>62</def>
                <use>54</use>
            </pair>
            <pair>
                <def>62</def>
                <use>62</use>
            </pair>
            <pair>
                <def>62</def>
                <use>73</use>
            </pair>
            <pair>
                <def>62</def>
                <use>83</use>
            </pair>
        </innerpairs>
        <def>62</def>
        <use>62</use>
    </object>
    <object>
        <classname>alevos.ts.IOEvent</classname>
        <methodname>isOutput()</methodname>
        <name>OUTPUT</name>
        <innerpairs>
            <pair>
                <def>54</def>
                <use>54</use>
            </pair>
        </innerpairs>
        <def>54</def>
        <use>54</use>
    </object>
    <object>
        <classname>alevos.ts.IOEvent</classname>
        <methodname>isOutput()</methodname>
        <name>ioType</name>
        <innerpairs>
            <pair>
                <def>54</def>
                <use>17</use>
            </pair>
            <pair>
                <def>54</def>
                <use>46</use>
            </pair>
            <pair>
                <def>54</def>
                <use>54</use>
            </pair>
            <pair>
                <def>54</def>
                <use>62</use>
            </pair>
            <pair>
                <def>54</def>
                <use>73</use>
            </pair>
            <pair>
                <def>54</def>
                <use>83</use>
            </pair>
        </innerpairs>
        <def>54</def>
        <use>54</use>
    </object>
    <object>
        <classname>alevos.ts.Literal</classname>
        <methodname>Literal(
String)</methodname>
        <name>Type</name>
        <def>20</def>
    </object>
    <object>
        <classname>alevos.ts.Literal</classname>
        <methodname>Literal(
String)</methodname>
        <name>Type.NEGATIVE</name>
        <use>20</use>
    </object>
    <object>
        <classname>alevos.ts.Literal</classname>
        <methodname>Literal(
String)</methodname>
        <name>name</name>
        <def>19</def>
        <use>19</use>
    </object>
    <object>
        <classname>alevos.ts.Literal</classname>
        <methodname>Literal(String, Type)</methodname>
        <name>proposition</name>
        <innerpairs>
            <pair>
                <def>26</def>
                <use>26</use>
            </pair>
            <pair>
                <def>26</def>
                <use>62</use>
            </pair>
            <pair>
                <def>26</def>
                <use>72</use>
            </pair>
        </innerpairs>
        <def>26</def>
        <use>26</use>
    </object>
    <object>
        <classname>alevos.ts.Literal</classname>
        <methodname>Literal(String, Type)</methodname>
        <name>type</name>
        <innerpairs>
            <pair>
                <def>27</def>
                <use>27</use>
            </pair>
            <pair>
                <def>27</def>
                <use>72</use>
            </pair>
        </innerpairs>
        <def>27</def>
        <use>27</use>
    </object>
    <object>
        <classname>alevos.ts.Literal</classname>
        <methodname>equals(Object)</methodname>
        <name>p</name>
        <use>60</use>
    </object>
    <object>
        <classname>alevos.ts.Literal</classname>
        <methodname>equals(Object)</methodname>
        <name>proposition</name>
        <innerpairs>
            <pair>
                <def>62</def>
                <use>26</use>
            </pair>
            <pair>
                <def>62</def>
                <use>62</use>
            </pair>
            <pair>
                <def>62</def>
                <use>72</use>
            </pair>
        </innerpairs>
        <def>62</def>
        <use>62</use>
    </object>
    <object>
        <classname>alevos.ts.Literal</classname>
        <methodname>getName()</methodname>
        <name>proposition</name>
        <use>32</use>
    </object>
    <object>
        <classname>alevos.ts.Literal</classname>
        <methodname>getType()</methodname>
        <name>type</name>
        <use>40</use>
    </object>
    <object>
        <classname>alevos.ts.Literal</classname>
        <methodname>hashCode()</methodname>
        <name>proposition</name>
        <innerpairs>
            <pair>
                <def>72</def>
                <use>26</use>
            </pair>
            <pair>
                <def>72</def>
                <use>62</use>
            </pair>
            <pair>
                <def>72</def>
                <use>72</use>
            </pair>
        </innerpairs>
        <def>72</def>
        <use>72</use>
    </object>
    <object>
        <classname>alevos.ts.Literal</classname>
        <methodname>hashCode()</methodname>
        <name>type</name>
        <innerpairs>
            <pair>
                <def>72</def>
                <use>27</use>
            </pair>
            <pair>
                <def>72</def>
                <use>72</use>
            </pair>
        </innerpairs>
        <def>72</def>
        <use>72</use>
    </object>
    <object>
        <classname>alevos.ts.Literal</classname>
        <methodname>toString()</methodname>
        <name>s</name>
        <use>47</use>
    </object>
    <object>
        <classname>alevos.ts.PiEvent</classname>
        <methodname>PiEvent(PiActionPrefix)</methodname>
        <name>prefix</name>
        <innerpairs>
            <pair>
                <def>22</def>
                <use>22</use>
            </pair>
            <pair>
                <def>22</def>
                <use>23</use>
            </pair>
            <pair>
                <def>22</def>
                <use>27</use>
            </pair>
            <pair>
                <def>22</def>
                <use>28</use>
            </pair>
            <pair>
                <def>22</def>
                <use>60</use>
            </pair>
            <pair>
                <def>22</def>
                <use>69</use>
            </pair>
            <pair>
                <def>22</def>
                <use>79</use>
            </pair>
            <pair>
                <def>23</def>
                <use>22</use>
            </pair>
            <pair>
                <def>23</def>
                <use>23</use>
            </pair>
            <pair>
                <def>23</def>
                <use>27</use>
            </pair>
            <pair>
                <def>23</def>
                <use>28</use>
            </pair>
            <pair>
                <def>23</def>
                <use>60</use>
            </pair>
            <pair>
                <def>23</def>
                <use>69</use>
            </pair>
            <pair>
                <def>23</def>
                <use>79</use>
            </pair>
        </innerpairs>
        <def>22</def>
        <def>23</def>
        <use>22</use>
        <use>23</use>
    </object>
    <object>
        <classname>alevos.ts.PiEvent</classname>
        <methodname>PiEvent(PiActionPrefix, PiActionPrefix)</methodname>
        <name>cause</name>
        <innerpairs>
            <pair>
                <def>29</def>
                <use>29</use>
            </pair>
        </innerpairs>
        <def>29</def>
        <use>29</use>
    </object>
    <object>
        <classname>alevos.ts.PiEvent</classname>
        <methodname>PiEvent(PiActionPrefix, PiActionPrefix)</methodname>
        <name>prefix</name>
        <innerpairs>
            <pair>
                <def>27</def>
                <use>22</use>
            </pair>
            <pair>
                <def>27</def>
                <use>23</use>
            </pair>
            <pair>
                <def>27</def>
                <use>27</use>
            </pair>
            <pair>
                <def>27</def>
                <use>28</use>
            </pair>
            <pair>
                <def>27</def>
                <use>60</use>
            </pair>
            <pair>
                <def>27</def>
                <use>69</use>
            </pair>
            <pair>
                <def>27</def>
                <use>79</use>
            </pair>
            <pair>
                <def>28</def>
                <use>22</use>
            </pair>
            <pair>
                <def>28</def>
                <use>23</use>
            </pair>
            <pair>
                <def>28</def>
                <use>27</use>
            </pair>
            <pair>
                <def>28</def>
                <use>28</use>
            </pair>
            <pair>
                <def>28</def>
                <use>60</use>
            </pair>
            <pair>
                <def>28</def>
                <use>69</use>
            </pair>
            <pair>
                <def>28</def>
                <use>79</use>
            </pair>
        </innerpairs>
        <def>27</def>
        <def>28</def>
        <use>27</use>
        <use>28</use>
    </object>
    <object>
        <classname>alevos.ts.PiEvent</classname>
        <methodname>equals(Object)</methodname>
        <name>pie</name>
        <use>67</use>
    </object>
    <object>
        <classname>alevos.ts.PiEvent</classname>
        <methodname>equals(Object)</methodname>
        <name>prefix</name>
        <innerpairs>
            <pair>
                <def>69</def>
                <use>22</use>
            </pair>
            <pair>
                <def>69</def>
                <use>23</use>
            </pair>
            <pair>
                <def>69</def>
                <use>27</use>
            </pair>
            <pair>
                <def>69</def>
                <use>28</use>
            </pair>
            <pair>
                <def>69</def>
                <use>60</use>
            </pair>
            <pair>
                <def>69</def>
                <use>69</use>
            </pair>
            <pair>
                <def>69</def>
                <use>79</use>
            </pair>
        </innerpairs>
        <def>69</def>
        <use>69</use>
    </object>
    <object>
        <classname>alevos.ts.PiEvent</classname>
        <methodname>getCause()</methodname>
        <name>cause</name>
        <use>54</use>
    </object>
    <object>
        <classname>alevos.ts.PiEvent</classname>
        <methodname>getPrefix()</methodname>
        <name>prefix</name>
        <use>50</use>
    </object>
    <object>
        <classname>alevos.ts.PiEvent</classname>
        <methodname>hashCode()</methodname>
        <name>prefix</name>
        <innerpairs>
            <pair>
                <def>79</def>
                <use>22</use>
            </pair>
            <pair>
                <def>79</def>
                <use>23</use>
            </pair>
            <pair>
                <def>79</def>
                <use>27</use>
            </pair>
            <pair>
                <def>79</def>
                <use>28</use>
            </pair>
            <pair>
                <def>79</def>
                <use>60</use>
            </pair>
            <pair>
                <def>79</def>
                <use>69</use>
            </pair>
            <pair>
                <def>79</def>
                <use>79</use>
            </pair>
        </innerpairs>
        <def>79</def>
        <use>79</use>
    </object>
    <object>
        <classname>alevos.ts.PiEvent</classname>
        <methodname>toString()</methodname>
        <name>prefix</name>
        <innerpairs>
            <pair>
                <def>60</def>
                <use>22</use>
            </pair>
            <pair>
                <def>60</def>
                <use>23</use>
            </pair>
            <pair>
                <def>60</def>
                <use>27</use>
            </pair>
            <pair>
                <def>60</def>
                <use>28</use>
            </pair>
            <pair>
                <def>60</def>
                <use>60</use>
            </pair>
            <pair>
                <def>60</def>
                <use>69</use>
            </pair>
            <pair>
                <def>60</def>
                <use>79</use>
            </pair>
        </innerpairs>
        <def>60</def>
        <use>60</use>
    </object>
    <object>
        <classname>alevos.ts.State</classname>
        <methodname>State(Expression)</methodname>
        <name>expression</name>
        <innerpairs>
            <pair>
                <def>71</def>
                <use>63</use>
            </pair>
            <pair>
                <def>71</def>
                <use>71</use>
            </pair>
            <pair>
                <def>71</def>
                <use>100</use>
            </pair>
        </innerpairs>
        <def>71</def>
        <use>71</use>
    </object>
    <object>
        <classname>alevos.ts.State</classname>
        <methodname>State(Expression, SimulatorContext)</methodname>
        <name>context</name>
        <innerpairs>
            <pair>
                <def>65</def>
                <use>65</use>
            </pair>
            <pair>
                <def>65</def>
                <use>95</use>
            </pair>
            <pair>
                <def>65</def>
                <use>119</use>
            </pair>
        </innerpairs>
        <def>65</def>
        <use>65</use>
    </object>
    <object>
        <classname>alevos.ts.State</classname>
        <methodname>State(Expression, SimulatorContext)</methodname>
        <name>expression</name>
        <innerpairs>
            <pair>
                <def>63</def>
                <use>63</use>
            </pair>
            <pair>
                <def>63</def>
                <use>71</use>
            </pair>
            <pair>
                <def>63</def>
                <use>100</use>
            </pair>
        </innerpairs>
        <def>63</def>
        <use>63</use>
    </object>
    <object>
        <classname>alevos.ts.State</classname>
        <methodname>addLiteral(Literal)</methodname>
        <name>l</name>
        <def>126</def>
        <use>126</use>
    </object>
    <object>
        <classname>alevos.ts.State</classname>
        <methodname>addLiteral(Literal)</methodname>
        <name>literals</name>
        <innerpairs>
            <pair>
                <def>126</def>
                <use>116</use>
            </pair>
            <pair>
                <def>126</def>
                <use>126</use>
            </pair>
        </innerpairs>
        <def>126</def>
        <use>126</use>
    </object>
    <object>
        <classname>alevos.ts.State</classname>
        <methodname>addStaticSuccessor(Event, State)</methodname>
        <name>e</name>
        <def>110</def>
        <use>110</use>
    </object>
    <object>
        <classname>alevos.ts.State</classname>
        <methodname>addStaticSuccessor(Event, State)</methodname>
        <name>s</name>
        <def>110</def>
        <use>110</use>
    </object>
    <object>
        <classname>alevos.ts.State</classname>
        <methodname>addStaticSuccessor(Event, State)</methodname>
        <name>staticSuccessors</name>
        <innerpairs>
            <pair>
                <def>110</def>
                <use>105</use>
            </pair>
            <pair>
                <def>110</def>
                <use>110</use>
            </pair>
        </innerpairs>
        <def>110</def>
        <use>110</use>
    </object>
    <object>
        <classname>alevos.ts.State</classname>
        <methodname>getContext()</methodname>
        <name>context</name>
        <use>90</use>
    </object>
    <object>
        <classname>alevos.ts.State</classname>
        <methodname>getExpression()</methodname>
        <name>expression</name>
        <use>84</use>
    </object>
    <object>
        <classname>alevos.ts.State</classname>
        <methodname>getLiterals()</methodname>
        <name>allLiterals</name>
        <use>114</use>
    </object>
    <object>
        <classname>alevos.ts.State</classname>
        <methodname>getLiterals()</methodname>
        <name>context</name>
        <innerpairs>
            <pair>
                <def>119</def>
                <use>65</use>
            </pair>
            <pair>
                <def>119</def>
                <use>95</use>
            </pair>
            <pair>
                <def>119</def>
                <use>119</use>
            </pair>
        </innerpairs>
        <def>119</def>
        <use>119</use>
    </object>
    <object>
        <classname>alevos.ts.State</classname>
        <methodname>getLiterals()</methodname>
        <name>literals</name>
        <innerpairs>
            <pair>
                <def>116</def>
                <use>116</use>
            </pair>
            <pair>
                <def>116</def>
                <use>126</use>
            </pair>
        </innerpairs>
        <def>116</def>
        <use>116</use>
    </object>
    <object>
        <classname>alevos.ts.State</classname>
        <methodname>getName()</methodname>
        <name>name</name>
        <use>131</use>
    </object>
    <object>
        <classname>alevos.ts.State</classname>
        <methodname>getStaticSuccessors()</methodname>
        <name>staticSuccessors</name>
        <innerpairs>
            <pair>
                <def>105</def>
                <use>105</use>
            </pair>
            <pair>
                <def>105</def>
                <use>110</use>
            </pair>
        </innerpairs>
        <def>105</def>
        <use>105</use>
    </object>
    <object>
        <classname>alevos.ts.State</classname>
        <methodname>getStaticSuccessors()</methodname>
        <name>succs</name>
        <use>104</use>
    </object>
    <object>
        <classname>alevos.ts.State</classname>
        <methodname>getUtil1()</methodname>
        <name>util1</name>
        <use>141</use>
    </object>
    <object>
        <classname>alevos.ts.State</classname>
        <methodname>getUtil2()</methodname>
        <name>util2</name>
        <use>151</use>
    </object>
    <object>
        <classname>alevos.ts.State</classname>
        <methodname>getUtil3()</methodname>
        <name>util3</name>
        <use>161</use>
    </object>
    <object>
        <classname>alevos.ts.State</classname>
        <methodname>setContext(SimulatorContext)</methodname>
        <name>context</name>
        <innerpairs>
            <pair>
                <def>95</def>
                <use>65</use>
            </pair>
            <pair>
                <def>95</def>
                <use>95</use>
            </pair>
            <pair>
                <def>95</def>
                <use>119</use>
            </pair>
        </innerpairs>
        <def>95</def>
        <use>95</use>
    </object>
    <object>
        <classname>alevos.ts.State</classname>
        <methodname>setName(String)</methodname>
        <name>name</name>
        <innerpairs>
            <pair>
                <def>136</def>
                <use>136</use>
            </pair>
        </innerpairs>
        <def>136</def>
        <use>136</use>
    </object>
    <object>
        <classname>alevos.ts.State</classname>
        <methodname>setUtil1(Object)</methodname>
        <name>util1</name>
        <innerpairs>
            <pair>
                <def>146</def>
                <use>146</use>
            </pair>
        </innerpairs>
        <def>146</def>
        <use>146</use>
    </object>
    <object>
        <classname>alevos.ts.State</classname>
        <methodname>setUtil2(Object)</methodname>
        <name>util2</name>
        <innerpairs>
            <pair>
                <def>156</def>
                <use>156</use>
            </pair>
        </innerpairs>
        <def>156</def>
        <use>156</use>
    </object>
    <object>
        <classname>alevos.ts.State</classname>
        <methodname>setUtil3(Object)</methodname>
        <name>util3</name>
        <innerpairs>
            <pair>
                <def>166</def>
                <use>166</use>
            </pair>
        </innerpairs>
        <def>166</def>
        <use>166</use>
    </object>
    <object>
        <classname>alevos.ts.State</classname>
        <methodname>toString()</methodname>
        <name>expression</name>
        <innerpairs>
            <pair>
                <def>100</def>
                <use>63</use>
            </pair>
            <pair>
                <def>100</def>
                <use>71</use>
            </pair>
            <pair>
                <def>100</def>
                <use>100</use>
            </pair>
        </innerpairs>
        <def>100</def>
        <use>100</use>
    </object>
    <object>
        <classname>alevos.ts.StaticTransitionSystem</classname>
        <methodname>StaticTransitionSystem(State)</methodname>
        <name>initial</name>
        <def>26</def>
        <use>26</use>
    </object>
    <object>
        <classname>alevos.ts.StaticTransitionSystem</classname>
        <methodname>StaticTransitionSystem(State)</methodname>
        <name>states</name>
        <innerpairs>
            <pair>
                <def>26</def>
                <use>26</use>
            </pair>
            <pair>
                <def>26</def>
                <use>43</use>
            </pair>
            <pair>
                <def>26</def>
                <use>49</use>
            </pair>
            <pair>
                <def>26</def>
                <use>50</use>
            </pair>
        </innerpairs>
        <def>26</def>
        <use>26</use>
    </object>
    <object>
        <classname>alevos.ts.StaticTransitionSystem</classname>
        <methodname>addState(State)</methodname>
        <name>s</name>
        <def>43</def>
        <use>43</use>
    </object>
    <object>
        <classname>alevos.ts.StaticTransitionSystem</classname>
        <methodname>addState(State)</methodname>
        <name>states</name>
        <innerpairs>
            <pair>
                <def>43</def>
                <use>26</use>
            </pair>
            <pair>
                <def>43</def>
                <use>43</use>
            </pair>
            <pair>
                <def>43</def>
                <use>49</use>
            </pair>
            <pair>
                <def>43</def>
                <use>50</use>
            </pair>
        </innerpairs>
        <def>43</def>
        <use>43</use>
    </object>
    <object>
        <classname>alevos.ts.StaticTransitionSystem</classname>
        <methodname>addTransition(State, Event, State)</methodname>
        <name>e</name>
        <def>52</def>
        <use>52</use>
    </object>
    <object>
        <classname>alevos.ts.StaticTransitionSystem</classname>
        <methodname>addTransition(State, Event, State)</methodname>
        <name>s1</name>
        <def>49</def>
        <def>52</def>
        <use>49</use>
        <use>52</use>
    </object>
    <object>
        <classname>alevos.ts.StaticTransitionSystem</classname>
        <methodname>addTransition(State, Event, State)</methodname>
        <name>s2</name>
        <def>50</def>
        <def>52</def>
        <use>50</use>
        <use>52</use>
    </object>
    <object>
        <classname>alevos.ts.StaticTransitionSystem</classname>
        <methodname>addTransition(State, Event, State)</methodname>
        <name>states</name>
        <innerpairs>
            <pair>
                <def>49</def>
                <use>26</use>
            </pair>
            <pair>
                <def>49</def>
                <use>43</use>
            </pair>
            <pair>
                <def>49</def>
                <use>49</use>
            </pair>
            <pair>
                <def>49</def>
                <use>50</use>
            </pair>
            <pair>
                <def>50</def>
                <use>26</use>
            </pair>
            <pair>
                <def>50</def>
                <use>43</use>
            </pair>
            <pair>
                <def>50</def>
                <use>49</use>
            </pair>
            <pair>
                <def>50</def>
                <use>50</use>
            </pair>
        </innerpairs>
        <def>49</def>
        <def>50</def>
        <use>49</use>
        <use>50</use>
    </object>
    <object>
        <classname>alevos.ts.StaticTransitionSystem</classname>
        <methodname>getEvents()</methodname>
        <name>es</name>
        <use>67</use>
    </object>
    <object>
        <classname>alevos.ts.StaticTransitionSystem</classname>
        <methodname>getLiterals()</methodname>
        <name>ps</name>
        <use>57</use>
    </object>
    <object>
        <classname>alevos.ts.StaticTransitionSystem</classname>
        <methodname>getStates()</methodname>
        <name>states</name>
        <use>95</use>
    </object>
    <object>
        <classname>alevos.ts.StaticTransitionSystem</classname>
        <methodname>getTransitions()</methodname>
        <name>ts</name>
        <use>80</use>
    </object>
    <object>
        <classname>alevos.ts.StaticTransitionSystem</classname>
        <methodname>succ(State)</methodname>
        <name>s</name>
        <def>36</def>
        <use>36</use>
    </object>
    <object>
        <classname>alevos.ts.StaticTransitionSystem</classname>
        <methodname>succ(State, TraceInfo)</methodname>
        <name>s</name>
        <def>31</def>
        <use>31</use>
    </object>
</elements>
