<?xml version="1.0" encoding="iso-8859-1"?>
<elements>
    <exception>
        <classname>simulator.io.ComponentsLoader</classname>
        <methodname>ComponentsLoader(ComponentsRegistry, File, File)</methodname>
        <name>IllegalArgumentException</name>
        <def>49</def>
        <use>49</use>
    </exception>
    <exception>
        <classname>simulator.io.ComponentsLoader</classname>
        <methodname>loadComponents()</methodname>
        <name>IOException</name>
        <def>78</def>
        <use>78</use>
    </exception>
    <exception>
        <classname>simulator.io.ComponentsLoader</classname>
        <methodname>loadLibraries()</methodname>
        <name>IOException</name>
        <def>155</def>
        <use>155</use>
    </exception>
    <exception>
        <classname>simulator.io.SAXExperimentHandler</classname>
        <methodname>endElement(String, String, String)</methodname>
        <name>SAXException</name>
        <def>262</def>
        <def>275</def>
        <def>284</def>
        <use>262</use>
        <use>275</use>
        <use>284</use>
    </exception>
    <exception>
        <classname>simulator.io.SAXExperimentHandler</classname>
        <methodname>endElement(String, String, String)</methodname>
        <name>e</name>
        <def>283</def>
        <use>283</use>
    </exception>
    <exception>
        <classname>simulator.io.XMLExperimentLoader</classname>
        <methodname>load(Document)</methodname>
        <name>ExperimentLoadingException</name>
        <externalpairs>
            <pair>
                <def>158</def>
                <externaluse>
                    <classname> simulator.io.XMLExperimentLoader</classname>
                    <methodname>loadExperiment(File)</methodname>
                    <name>e</name>
                    <linenumber>139</linenumber>
                </externaluse>
            </pair>
        </externalpairs>
        <def>158</def>
        <use>158</use>
    </exception>
    <exception>
        <classname>simulator.io.XMLExperimentLoader</classname>
        <methodname>loadExperiment(File)</methodname>
        <name>ExperimentLoadingException</name>
        <innerpairs>
            <pair>
                <def>132</def>
                <use>139</use>
            </pair>
            <pair>
                <def>137</def>
                <use>139</use>
            </pair>
            <pair>
                <def>143</def>
                <use>139</use>
            </pair>
        </innerpairs>
        <def>132</def>
        <def>137</def>
        <def>143</def>
        <use>132</use>
        <use>137</use>
        <use>143</use>
    </exception>
    <exception>
        <classname>simulator.io.XMLExperimentLoader</classname>
        <methodname>loadExperiment(File)</methodname>
        <name>e</name>
        <innerpairs>
            <pair>
                <def>129</def>
                <use>130</use>
            </pair>
            <pair>
                <def>129</def>
                <use>132</use>
            </pair>
            <pair>
                <def>134</def>
                <use>135</use>
            </pair>
            <pair>
                <def>134</def>
                <use>137</use>
            </pair>
            <pair>
                <def>139</def>
                <use>141</use>
            </pair>
            <pair>
                <def>139</def>
                <use>143</use>
            </pair>
        </innerpairs>
        <def>129</def>
        <def>134</def>
        <def>139</def>
        <use>129</use>
        <use>130</use>
        <use>132</use>
        <use>134</use>
        <use>135</use>
        <use>139</use>
        <use>141</use>
    </exception>
    <exception>
        <classname>simulator.io.XMLExperimentLoader</classname>
        <methodname>loadSimPurpVerifStrategies(Experiment, List)</methodname>
        <name>ExperimentLoadingException</name>
        <def>351</def>
        <def>370</def>
        <def>394</def>
        <def>429</def>
        <def>434</def>
        <def>466</def>
        <def>472</def>
        <def>486</def>
        <use>351</use>
        <use>370</use>
        <use>394</use>
        <use>429</use>
        <use>434</use>
        <use>466</use>
        <use>472</use>
        <use>486</use>
    </exception>
    <exception>
        <classname>simulator.io.XMLExperimentLoader</classname>
        <methodname>loadStimulusDeliveryOptStrategies(Experiment, List)</methodname>
        <name>ExperimentLoadingException</name>
        <def>292</def>
        <def>305</def>
        <def>314</def>
        <use>292</use>
        <use>305</use>
        <use>314</use>
    </exception>
    <exception>
        <classname>simulator.io.XMLExperimentLoader</classname>
        <methodname>loadStimulusDeliveryOptStrategies(Experiment, List)</methodname>
        <name>ex</name>
        <def>313</def>
        <use>313</use>
    </exception>
    <exception>
        <classname>simulator.io.XMLScenarioLoader</classname>
        <methodname>getRootElementFromIncludedFile(File, String)</methodname>
        <name>ScenarioLoadingException</name>
        <innerpairs>
            <pair>
                <def>365</def>
                <use>364</use>
            </pair>
            <pair>
                <def>365</def>
                <use>366</use>
            </pair>
            <pair>
                <def>367</def>
                <use>364</use>
            </pair>
            <pair>
                <def>367</def>
                <use>366</use>
            </pair>
        </innerpairs>
        <def>365</def>
        <def>367</def>
        <use>365</use>
        <use>367</use>
    </exception>
    <exception>
        <classname>simulator.io.XMLScenarioLoader</classname>
        <methodname>getRootElementFromIncludedFile(File, String)</methodname>
        <name>e</name>
        <def>364</def>
        <def>366</def>
        <use>364</use>
        <use>366</use>
    </exception>
    <exception>
        <classname>simulator.io.XMLScenarioLoader</classname>
        <methodname>load(File, Document)</methodname>
        <name>ScenarioLoadingException</name>
        <externalpairs>
            <pair>
                <def>101</def>
                <externaluse>
                    <classname> simulator.io.XMLScenarioLoader</classname>
                    <methodname>loadScenario(File)</methodname>
                    <name>e</name>
                    <linenumber>81</linenumber>
                </externaluse>
            </pair>
        </externalpairs>
        <def>101</def>
        <use>101</use>
    </exception>
    <exception>
        <classname>simulator.io.XMLScenarioLoader</classname>
        <methodname>loadScenario(File)</methodname>
        <name>ScenarioLoadingException</name>
        <innerpairs>
            <pair>
                <def>85</def>
                <use>81</use>
            </pair>
        </innerpairs>
        <def>85</def>
        <use>85</use>
    </exception>
    <exception>
        <classname>simulator.io.XMLScenarioLoader</classname>
        <methodname>loadScenario(File)</methodname>
        <name>e</name>
        <innerpairs>
            <pair>
                <def>81</def>
                <use>83</use>
            </pair>
            <pair>
                <def>81</def>
                <use>85</use>
            </pair>
        </innerpairs>
        <def>81</def>
        <use>81</use>
        <use>83</use>
        <use>85</use>
    </exception>
</elements>
