<?xml version="1.0" encoding="iso-8859-1"?>
<elements>
    <object>
        <classname>simulator.ui.CLMessenger</classname>
        <methodname>printDebugMsg(String)</methodname>
        <name>msg</name>
        <def>27</def>
        <use>27</use>
    </object>
    <object>
        <classname>simulator.ui.CLMessenger</classname>
        <methodname>printMsg(String)</methodname>
        <name>msg</name>
        <def>21</def>
        <use>21</use>
    </object>
    <object>
        <classname>simulator.ui.Messenger</classname>
        <methodname>Messenger(int, boolean)</methodname>
        <name>CRUCIAL_MSG</name>
        <innerpairs>
            <pair>
                <def>30</def>
                <use>30</use>
            </pair>
            <pair>
                <def>30</def>
                <use>38</use>
            </pair>
            <pair>
                <def>30</def>
                <use>49</use>
            </pair>
        </innerpairs>
        <def>30</def>
        <use>30</use>
    </object>
    <object>
        <classname>simulator.ui.Messenger</classname>
        <methodname>Messenger(int, boolean)</methodname>
        <name>TRIVIAL_MSG</name>
        <innerpairs>
            <pair>
                <def>30</def>
                <use>30</use>
            </pair>
            <pair>
                <def>30</def>
                <use>38</use>
            </pair>
            <pair>
                <def>30</def>
                <use>49</use>
            </pair>
        </innerpairs>
        <def>30</def>
        <use>30</use>
    </object>
    <object>
        <classname>simulator.ui.Messenger</classname>
        <methodname>Messenger(int, boolean)</methodname>
        <name>minMsgImportance</name>
        <innerpairs>
            <pair>
                <def>30</def>
                <use>30</use>
            </pair>
            <pair>
                <def>30</def>
                <use>32</use>
            </pair>
            <pair>
                <def>30</def>
                <use>64</use>
            </pair>
            <pair>
                <def>32</def>
                <use>30</use>
            </pair>
            <pair>
                <def>32</def>
                <use>32</use>
            </pair>
            <pair>
                <def>32</def>
                <use>64</use>
            </pair>
        </innerpairs>
        <def>30</def>
        <def>32</def>
        <use>30</use>
        <use>32</use>
    </object>
    <object>
        <classname>simulator.ui.Messenger</classname>
        <methodname>Messenger(int, boolean)</methodname>
        <name>showDebugMsgs</name>
        <innerpairs>
            <pair>
                <def>33</def>
                <use>33</use>
            </pair>
            <pair>
                <def>33</def>
                <use>60</use>
            </pair>
        </innerpairs>
        <def>33</def>
        <use>33</use>
    </object>
    <object>
        <classname>simulator.ui.Messenger</classname>
        <methodname>printDebugMsg(String, int)</methodname>
        <name>CRUCIAL_MSG</name>
        <innerpairs>
            <pair>
                <def>49</def>
                <use>30</use>
            </pair>
            <pair>
                <def>49</def>
                <use>38</use>
            </pair>
            <pair>
                <def>49</def>
                <use>49</use>
            </pair>
        </innerpairs>
        <def>49</def>
        <use>49</use>
    </object>
    <object>
        <classname>simulator.ui.Messenger</classname>
        <methodname>printDebugMsg(String, int)</methodname>
        <name>TRIVIAL_MSG</name>
        <innerpairs>
            <pair>
                <def>49</def>
                <use>30</use>
            </pair>
            <pair>
                <def>49</def>
                <use>38</use>
            </pair>
            <pair>
                <def>49</def>
                <use>49</use>
            </pair>
        </innerpairs>
        <def>49</def>
        <use>49</use>
    </object>
    <object>
        <classname>simulator.ui.Messenger</classname>
        <methodname>printDebugMsg(String, int)</methodname>
        <name>msg</name>
        <def>52</def>
        <use>52</use>
    </object>
    <object>
        <classname>simulator.ui.Messenger</classname>
        <methodname>printDebugMsg(String, int)</methodname>
        <name>msgImportance</name>
        <def>49</def>
        <use>49</use>
    </object>
    <object>
        <classname>simulator.ui.Messenger</classname>
        <methodname>printMsg(String, int)</methodname>
        <name>CRUCIAL_MSG</name>
        <innerpairs>
            <pair>
                <def>38</def>
                <use>30</use>
            </pair>
            <pair>
                <def>38</def>
                <use>38</use>
            </pair>
            <pair>
                <def>38</def>
                <use>49</use>
            </pair>
        </innerpairs>
        <def>38</def>
        <use>38</use>
    </object>
    <object>
        <classname>simulator.ui.Messenger</classname>
        <methodname>printMsg(String, int)</methodname>
        <name>TRIVIAL_MSG</name>
        <innerpairs>
            <pair>
                <def>38</def>
                <use>30</use>
            </pair>
            <pair>
                <def>38</def>
                <use>38</use>
            </pair>
            <pair>
                <def>38</def>
                <use>49</use>
            </pair>
        </innerpairs>
        <def>38</def>
        <use>38</use>
    </object>
    <object>
        <classname>simulator.ui.Messenger</classname>
        <methodname>printMsg(String, int)</methodname>
        <name>msg</name>
        <def>41</def>
        <use>41</use>
    </object>
    <object>
        <classname>simulator.ui.Messenger</classname>
        <methodname>printMsg(String, int)</methodname>
        <name>msgImportance</name>
        <def>38</def>
        <use>38</use>
    </object>
    <object>
        <classname>simulator.ui.Messenger</classname>
        <methodname>setMinMsgImportance(int)</methodname>
        <name>minMsgImportance</name>
        <innerpairs>
            <pair>
                <def>64</def>
                <use>30</use>
            </pair>
            <pair>
                <def>64</def>
                <use>32</use>
            </pair>
            <pair>
                <def>64</def>
                <use>64</use>
            </pair>
        </innerpairs>
        <def>64</def>
        <use>64</use>
    </object>
    <object>
        <classname>simulator.ui.Messenger</classname>
        <methodname>setShowDebugMsgs(boolean)</methodname>
        <name>showDebugMsgs</name>
        <innerpairs>
            <pair>
                <def>60</def>
                <use>33</use>
            </pair>
            <pair>
                <def>60</def>
                <use>60</use>
            </pair>
        </innerpairs>
        <def>60</def>
        <use>60</use>
    </object>
    <object>
        <classname>simulator.ui.SimulatorUI</classname>
        <methodname>SimulatorUI(Messenger)</methodname>
        <name>messenger</name>
        <innerpairs>
            <pair>
                <def>12</def>
                <use>12</use>
            </pair>
            <pair>
                <def>12</def>
                <use>13</use>
            </pair>
            <pair>
                <def>12</def>
                <use>17</use>
            </pair>
            <pair>
                <def>12</def>
                <use>20</use>
            </pair>
            <pair>
                <def>12</def>
                <use>23</use>
            </pair>
            <pair>
                <def>13</def>
                <use>12</use>
            </pair>
            <pair>
                <def>13</def>
                <use>13</use>
            </pair>
            <pair>
                <def>13</def>
                <use>17</use>
            </pair>
            <pair>
                <def>13</def>
                <use>20</use>
            </pair>
            <pair>
                <def>13</def>
                <use>23</use>
            </pair>
        </innerpairs>
        <def>12</def>
        <def>13</def>
        <use>12</use>
        <use>13</use>
    </object>
    <object>
        <classname>simulator.ui.SimulatorUI</classname>
        <methodname>getMessenger()</methodname>
        <name>messenger</name>
        <use>39</use>
    </object>
    <object>
        <classname>simulator.ui.SimulatorUI</classname>
        <methodname>initialize(Messenger)</methodname>
        <name>instance</name>
        <def>20</def>
        <def>23</def>
        <use>23</use>
    </object>
    <object>
        <classname>simulator.ui.SimulatorUI</classname>
        <methodname>initialize(Messenger)</methodname>
        <name>messenger</name>
        <innerpairs>
            <pair>
                <def>17</def>
                <use>12</use>
            </pair>
            <pair>
                <def>17</def>
                <use>13</use>
            </pair>
            <pair>
                <def>17</def>
                <use>17</use>
            </pair>
            <pair>
                <def>17</def>
                <use>19</use>
            </pair>
            <pair>
                <def>17</def>
                <use>20</use>
            </pair>
            <pair>
                <def>17</def>
                <use>23</use>
            </pair>
        </innerpairs>
        <def>17</def>
        <use>17</use>
    </object>
    <object>
        <classname>simulator.ui.SimulatorUI</classname>
        <methodname>initialize(Messenger)</methodname>
        <name>new SimulatorUI(messenger)</name>
        <use>20</use>
    </object>
    <object>
        <classname>simulator.ui.SimulatorUI</classname>
        <methodname>instance()</methodname>
        <name>instance</name>
        <use>35</use>
    </object>
    <exception>
        <classname>simulator.ui.SimulatorUI</classname>
        <methodname>instance()</methodname>
        <name>RuntimeException</name>
        <externalpairs>
            <pair>
                <def>32</def>
                <externaluse>
                    <classname> simulator.io.XMLScenarioLoader</classname>
                    <methodname>loadScenario(File)</methodname>
                    <name>e</name>
                    <linenumber>81</linenumber>
                </externaluse>
            </pair>
            <pair>
                <def>32</def>
                <externaluse>
                    <classname> simulator.io.XMLExperimentLoader</classname>
                    <methodname>loadExperiment(File)</methodname>
                    <name>e</name>
                    <linenumber>139</linenumber>
                </externaluse>
            </pair>
            <pair>
                <def>32</def>
                <externaluse>
                    <classname> simulator.Main</classname>
                    <methodname>main(String)</methodname>
                    <name>e</name>
                    <linenumber>166</linenumber>
                </externaluse>
            </pair>
        </externalpairs>
        <def>32</def>
        <use>32</use>
    </exception>
</elements>
